Username,Followers,Average Likes,Average Comments,Average Engagement Rate,Engagement Rate (60 Days),Posting frequency (last 60 days),Posts (image),Posts (videos),Posts (carousel),Average Hashtags / Post (60 Days),Hashtags (dictionary)
jokowi,47352198,458723.76,4422.62,0.9781,0.4896,132,9,34,89,0,{}
princessyahrini,39581466,118171.13,692.59,0.3003,0.0018,4,0,0,4,2.5,"{'princessyahrini': 3, 'princessrturns3month': 1, 'singapore_november2024': 1, 'princsessyahrini': 1, 'singapore_october2024': 3, 'princessrturnstwomonth': 1}"
ruben_onsu,38776943,139324.51,763.73,0.3613,0.1303,100,42,44,14,1.94,"{'rubenonsu': 34, 'bensu': 9, 'realbensu': 22, 'rezekigakketuker': 8, 'janganlupabahagia': 8, 'jalani_nikmati_syukuri': 7, 'brownisttv': 7, 'justruben': 26, 'senyuminaja': 5, 'sw': 1, 'sarwendah': 1, 'ghostober2024': 1, 'sisiduniamop': 1, 'mopchannel': 2, 'onsfitbyrubenonsu': 1, 'byelemak': 1, 'tubuhideal': 1, 'ghostober': 3, 'merekaadadisini': 1, 'doubleextreme': 1, 'katakatamutiara': 4, 'meyouandall': 4, 'tiktok': 1, 'tiktokshop': 1, 'tiktokpaydaysale': 1, 'tiktokpayday': 1, 'betrandputraonsu': 5, 'thaliaputrionsu': 5, 'thaniaputrionsu': 5, 'lestykejora': 1, 'nassar': 1, 'udangdibalikbatu': 1, 'beforeafterai': 1, 'ai': 1, 'rendang': 1, 'skincareviral': 1, 'tiktokshoprubenonsu': 1, 'tiktokshopguncang1010': 1, 'tiktokguncang1010': 1, 'jajananviralbandung': 1, 'bandung': 1, 'respect': 2, 'likaliku': 1, 'infotainmentaward2024': 1, 'infotainmentawards2024': 3, 'infotainmentawards': 1, 'sctvspesial': 2, 'panencabai': 1, 'villadavina': 1, 'thebestvilla': 1, 'senyuminja': 1, 'ia': 1}"
gisel_la,36318320,152328.63,2451.69,0.4262,0.22,83,8,46,29,1.867,"{'gempiajaib': 4, 'modalnekad': 3, 'filmmodalnekad': 3, 'susuawetmuda': 1, 'haiapakabar': 6, 'justforfunjustforlaugh': 1, 'dipikirpikirkokjalanmulu': 1, 'cantikekonomis': 5, 'realitakehidupan': 1, 'hidupiniindah': 1, 'penuhdenganwarna': 1, 'mamaiselbecanda': 2, 'justkiddingjustforlaugh': 2, '6ergerak': 2, 'madamegie': 4, 'madame6ergerak': 2, 'mataharibukanmusuh': 2, 'gisel': 5, 'newrelease': 1, 'mv': 1, 'musicvideo': 1, 'digitalstreaming': 1, 'youtube': 1, 'channel': 1, 'labelprom': 5, 'releasesoon': 4, 'happympi': 5, 'blessed': 6, 'grateful': 7, 'disneymagic': 1, 'liburannyampi': 6, 'latepost': 7, 'dazzcam': 1, 'blur': 1, 'eiffeltoweratnight': 1, 'pasnyamadurasa': 3, 'ytta': 1, 'run': 1, 'running': 1, 'runners': 1, 'wondrjakartarunningfestival': 1, 'jakartarunningfestival': 1, 'gofit': 1, 'gofiters': 1, 'memories': 1, 'girlies': 1, 'wheninamsterdam': 1, 'berlintoamsterdam': 1, 'berlin': 1, 'barusempat': 1, 'simbacereal': 2, 'simbachocochips': 2, 'jagonyasereallokal': 2, 'captainchips': 2, 'berlinmarathon2024': 4, 'madurasa': 1, 'maduasli': 1, 'giselanastasia': 1, 'welcometonberlin': 1, 'marathoner': 1, 'keeprunning': 1, 'inspiretorun': 1, 'nextraceloading': 1, 'shakeoutrun': 1, 'museumofsensesprague': 1, 'prague': 1, 'repost': 1, 'mpirunwaydebut': 1, 'ijustwannabepartofyoursymphony': 1, 'morningrun': 1, 'bangkok': 1, 'gempita': 1, 'untungnyahidupterusberjalan': 1, 'sportsclinic': 1, 'wellness': 1, 'marathon': 1, 'injuryrehabilitation': 1, 'sportsperformance': 1, 'welsprosportsclinicandperformance': 1, 'welsprosurabaya': 1, 'ciputrahospitalsurabaya': 1, 'cihos': 1, 'chs': 1, 'surabaya': 1, 'katakatahariini': 1}"
lunamaya,34486065,145525.51,948.45,0.4247,0.2491,98,5,56,37,1.735,"{'prada': 2, 'winterfantasy': 1, 'yslbeautyid': 3, 'yslholiday': 2, 'nontondiwetv': 2, 'wetvindonesia': 2, 'wetvoriginal': 2, 'lunamaya': 10, 'dariussinathrya': 2, 'marcelinolefrandt': 2, 'audimarissa': 2, 'mainapi': 2, 'aloid': 1, 'abovebeyond': 2, 'marinabaysands': 2, 'ad': 1, 'boredtobold': 1, 'yslbeauty': 2, 'womenleadershipconference': 4, 'herworldindonesia': 2, 'babyshower': 1, 'amadeussinemagna': 3, 'gjls': 3, 'gjlsibukuibuibu': 2, 'gjlsentertainment': 3, 'montytiwa': 3, 'anantarispo': 1, 'rigenrakelna': 1, 'hifdzikhoir': 1, 'nadyaarina': 2, 'amadeusinemagna': 3, 'kulonprogo': 1, 'halloween': 1, 'ibukuibuibu': 1, 'bvlgari': 1, 'bvlgarijewelry': 1, 'serpenti': 1, 'vinotiliving': 1, 'lancomeid': 1, 'genifique': 1, 'lux99years': 2, 'luxid': 2, 'jfw2025': 1, 'friendstivity': 1, 'friendsofcreativity': 1, 'tsmedia': 4, 'sekolahsukses': 1, 'danielmanantanetwork': 1, 'temukansadarmu': 6, 'tsx2024': 4, 'sustainability': 2, 'kertasive': 1, 'monostar': 1, 'interiorkantor': 1, 'pemasanganmudah': 1, 'transformasikantor': 1, 'desaininterior': 1, 'kantormodern': 1, 'interiorfilm': 1, 'spcmonostar': 1, 'interiordesign': 1, 'studio': 1, 'ecofrentsx2024': 1, 'mariannerumantir': 1, 'panaroma': 1, 'music': 1, 'sumala': 8, 'filmsumala': 4, 'hitmakedstudios': 1, 'ayudewi': 1, 'ayudewistory': 1, 'friends': 1, 'comedy': 1, 'tumbuhkebaikan': 1, 'togetherpossible': 1, 'katespade': 1, 'uniqlo': 1, 'uniqloflannel': 1, 'hitmakerstudios': 3, 'iamlibre': 1, 'ysllibre': 1, 'hicelebmagazine': 3, 'tixid': 1, 'bioskop': 1, 'jadwalbioskop': 1, 'bstarverse': 1, 'bts': 1, 'nyamanbersekolah': 3, 'hicelebcoverstar': 1, 'cover': 1, 'yayasanlunamayanawasena': 1, 'aldosinarta': 1, 'aloindonesia': 3, 'saturdaymorningride': 1, 'valiram': 1, 'imaa2024': 1, 'indonesianmovieactorsawards': 1, 'arisancendol': 1, 'gengcendol': 1}"
luxxy_made,1245315,164240.73,1246.38,13.2888,0.2431,1,0,0,1,3,"{'mengukirsejarah': 1, 'indopride': 1, 'pmgc2024': 1}"
jonathanliandi,1808490,70429.07,1255.41,3.9638,0.2944,5,1,4,0,2.8,"{'greaterthanever': 1, 'mlbbm6': 1, 'm6nyalaindonesia': 1, 'mlbb8th': 1, 'kesenangantanpa8atas': 1, 'bolehbangjetzonfire': 2, 'jetzxindomaret': 1, 'onfire': 1, 'jetz': 1, 'lenovoid': 1, 'legionslim5i': 1, 'intel': 1, 'sponsor': 1}"
roses_are_rosie,80883913,3674629.51,16979.32,4.5641,5.2609,26,7,9,10,0.192,"{'pachinko': 1, 'appletv': 1, 'rosie': 2, 'dec6th': 1}"
anastasyakh,1937513,,,,4.0229,4,0,1,3,0.75,"{'greaterthanever': 1, 'mlbbm6': 1, 'm6nyalaindonesia': 1}"
imouniroy,33412540,272957.06,1596.6,0.8217,0.692,47,1,11,35,1.191,"{'drools': 3, 'dogs': 3, 'pets': 2, 'teamtyagi': 1, 'theweekthatwas': 1, 'is': 1, 'workworkwork': 1, 'throwback': 1, 'realmadridvsbarcelona': 1, 'rmvsbarca': 1, 'elclassico': 1, 'nomnom': 1, 'remains': 1, 'spawake': 1, 'bbcream': 1, 'makeup': 1, 'festive': 1, 'foundation': 1, 'jbeauty': 1, 'moisture': 1, 'ad': 1, 'petfood': 1, 'karwachauth': 1, 'bazaarwomenoftheyear': 1, 'gratefulforem': 1, 'droolsindia': 2, 'treats': 1, 'fusioncuisinerestaurantoftheyear': 1, 'shubhomahaashtami': 1, 'navratrinights': 1, 'cocoboduhithi': 3, 'cococollection': 3, 'cocomaldives': 3, 'cocollectionmaldives': 3, 'cocoresidence': 1, 'furrylove': 1, 'bestfriend': 1, 'grateful': 1, 'thankful': 1, 'blessed': 1, 'birthdaygateway': 1, 'love': 1}"
angiemstwn,2047559,185356.19,630.77,9.0834,4.2291,23,0,13,10,1.043,"{'adidasoriginals': 1, 'kopigoodday': 1, 'goodgamegoodday': 1, 'dblwithkopigoodday': 1, 'serapcepatsetengahdetik': 2, 'antirisih': 2, 'bebasmukabelangmatahari': 1, 'sunscreenuvduo': 1, 'uvduo': 1, 'briminisoccerclash': 1, 'hut129bri': 1, 'briliandancemerlang': 1, 'yslbeautyid': 1, 'yslholiday': 1, 'satsetsmoothdanwangi': 2, 'casetifyid': 1, 'casetify': 1, '1111sale': 1, 'sunsilkid': 1, 'theshadowstrays': 1, 'netflixid': 1}"
eri.carl,2203789,,,,5.193,16,3,9,4,0.75,"{'pengantinsetan': 2, 'akudinikahijin': 2, 'filmpengantinsetan': 2, 'siapapengantinselanjutnya': 2, 'foom': 1, 'eleganceineverydetail': 2, 'hyfe': 1}"
syahiba_saufa,1811551,26212.84,145.84,1.455,0.7947,13,0,2,11,0,{}
rosalia.vt,27521485,731834.07,3964.1,2.6735,4.405,7,0,2,5,0,{}
refalhady,2279425,,,,1.6814,13,1,5,7,1.154,"{'uniqlotravelessentials': 1, 'upgrabyourride': 1, 'barengavoskinbarengrefal': 1, 'filmctptw': 1, 'cintatakpernahtepatwaktu': 1, 'dapurfilm': 1, 'jakartafilmweek': 1, 'brimomudahserbabisa': 2, 'brimoxuss2024': 2, 'brimofstvl': 2, 'belimpahhadiah': 1, 'berlimpahhadiah': 1}"
siviazizah,1193388,,,,2.9632,14,4,3,7,1,"{'vomeroroam': 2, 'teamnike': 4, 'allahummabariik': 1, 'godisgooood': 2, 'aamiinallahummaaamiin': 1, 'thecc': 1, 'siviaotwalbum2': 1, 'stepboxxinggg': 1, 'swooshgang': 1}"
bagas_zuxxy,1180207,154382.52,1755.34,13.2297,0.5307,1,0,0,1,3,"{'mengukirsejarah': 1, 'indopride': 1, 'pmgc2024': 1}"
bebytsabina,7994281,201394.06,628.37,2.5271,1.5076,29,4,8,17,0.655,"{'promomerchantbri': 1, 'brimo': 1, 'sabrina': 1, 'edcbri': 1, 'brimofstvl', 'bebytsabrina': 1, 'kamipedulistunting': 2, 'mdentertainment': 1, 'mdentertainmentfoundation': 1, '1000daysfund': 1, 'saptojoss25': 1, 'shampoorambutrontok': 1, 'leaveonconditioner': 1, 'conditioner': 1, 'waktunyakelaya': 1, 'kelayahairtreatment': 1, 'bvlgarijewelry': 1, 'bvlgariholidays': 2, 'bvlgariwatches': 1, 'bvlgari': 2}"
jasonderulo,35137412,291341.05,2557.12,0.8364,0.4342,30,4,26,0,0.833,"{'youcandoanything': 3, 'makemehappy': 12, 'makemehappysweepstakes': 2, 'iheartjingleball': 1, '1': 1, 'cat': 1, 'cats': 1, 'kitten': 1, 'kittens': 1, 'catlovers': 1, 'catlife': 1}"
iqbaal.e,14475780,,,,1.5348,10,3,3,4,0.5,"{'perayaanmatirasa': 4, 'pmr': 1}"
bramastavrl,27421149,150723.02,3042.12,0.5608,0.1551,35,2,24,9,0,{}
kun11xd,7146979,700613.67,5303.04,9.8771,5.8659,4,0,0,4,0,{}
syakirdaulay,7900796,94032.52,642.67,1.1983,0.6597,48,16,16,16,1.5,"{'allahummashollialamuhammad': 1, 'mashaallahtabarakallah': 1, 'alhamdulillah': 1, 'syakirdaulay': 8, 'makbeti': 1, 'sitkom': 1, 'uangjajandarirasulullah': 2, 'santriracing': 1, 'presidenijotomat': 8, 'salamhangatsyakirdaulay': 7, 'actorproducersutradamuda': 2, 'gaulteteptaat': 4, 'taattapiasik': 2, 'ikatanjombloterhormat': 5, 'janganlupasholawat': 2, 'huntingberkah': 1, 'masyaallahtabarakallah': 1, 'horseriding': 1, 'syakirevent': 1, 'experiencewithsyakirdaulay': 1, 'tanahbumbu': 1, 'kalimantanselatan': 1, 'nurulmushtofaindonesia': 1, 'harisantri': 1, 'darisantriuntuknegri': 1, 'keepcalm': 1, 'keepspirit': 1, 'keeptawakkal': 1, 'cumabantuinorangngidam': 1, 'janganlupangaji': 1, 'selfreminder': 1, 'yasalam': 1, 'syakirmusic': 1, 'actorproducersutradaramuda': 2, 'hambaallah': 2, 'jomblohighquality': 2, 'taattetepasik': 2}"
dele,8277231,266408.27,1143.38,3.2324,3.1181,2,0,0,2,0,{}
rayanurfitrird,8660319,55255.08,150.44,0.6398,0.0008,12,1,4,7,0.083,{'blackhorse188': 1}
krisdayantilemos,8082677,19130.35,135.52,0.2384,0.1527,156,11,101,44,4.724,"{'pilkada2024': 13, 'pilkadakotabatu': 12, 'krida': 34, 'batuseru': 26, 'kotabatu': 68, 'koncodewe': 25, 'krisdayanti': 62, 'kotabatumaju': 35, 'umkmkotabatu': 14, 'kotabatumalang': 3, 'pdiperjuanganjatim': 13, 'rismagushans': 3, 'pdiperjuangan': 15, 'resikresikjawatimur': 3, 'trirismaharini': 2, 'batumaju': 7, 'aspirasibersama': 1, 'suarakanperubahan': 1, 'kd': 2, '3diva': 1, 'gwk': 1, 'wanitamandiri': 1, 'cintabudayabatu': 1, 'bantenganbatu': 2, 'banggabatu': 1, 'mudaberbudaya': 1, 'lestarikantradisi': 1, 'batukotakita': 1, 'gkjwbatu': 1, 'teraskrida': 13, 'masdewa': 12, 'kotabatuistimewa': 12, 'login': 12, 'kolaborasa': 12, 'kolaborasyik': 12, 'tandangbareng': 12, 'tandangbener': 12, 'tandangtemen': 12, 'umkm': 12, 'pilkadakotabatu2024': 13, 'susubatu': 1, 'batumendunia': 2, 'produklokalbatu': 1, 'kridanita': 2, 'umkmbatu': 4, 'bungakotabatu': 1, 'bungapotongsegar': 1, 'bungasegarkotabatu': 1, 'bawanggorengcanggih': 1, 'kridabersamaumkm': 1, 'petanibatu': 3, 'petanikotabatu': 2, 'pertanianmaju': 1, 'pilgubjatim': 2, 'jawatimur': 3, 'gushans': 1, '1111': 1, 'wayangkulit': 2, 'melestarikanbudaya': 2, 'senitradisional': 2, 'hariwayangnasional': 3, 'srikandikridha': 2, 'krisdayantilemos': 2, 'petanisejahtera': 2, 'pertanianbatu': 1, 'teknologipertanian': 1, 'pembangunanbatu': 2, 'pendidikangratis': 1, 'pelindungananak': 1, 'kebudayaanbatu': 2, 'debatpilkadakotabatu': 1, 'repost': 6, 'temanpemilih': 2, 'kpumelayani': 2, 'pilkadaserentak2024': 2, 'pilkadasantunbeda': 2, 'anggaanggi': 2, 'debatpublik': 2, 'kerukunanumatberagama': 1, 'ldii': 1, 'srikandikrida': 1, 'mendunia': 1, 'cintabatu': 1, 'majubatu': 1, 'pemimpinbatu': 1, 'visibatu': 1, 'batuwisata': 1, 'pilkadabatu2024': 5, 'sekjenpdiperjuangan': 1, 'risma': 1, 'rempeyekistimewa': 1, 'iburisma': 1, 'pemimpininspiratif': 1, 'mimbarakademik': 1, 'malangraya': 1, 'pembangunanberkelanjutan': 1, 'universitasbrawijaya': 1, 'albumionser': 1, 'albumkonserkd': 1, 'komsersemestakrisdayantiaudio': 1, 'konserkd2023': 1, 'mawarbatu': 1, 'jatimresik': 1, 'jagonyamusik': 5, 'kfcindonesia': 4, 'wushuindonesia': 1, 'budayalokal': 1, 'mberot': 1, 'kresnadewanata': 1, 'tongsongopercussion': 1, 'budayakotabatu': 1, 'debatkpukotabatu': 1, 'walikotabatu': 2, 'calonwalikotabatu': 2, 'batumalang': 2, 'divaindonesia': 1, 'debatcalonwalikotabatu': 1, 'pasaramongtani': 1, 'amongtanibatu': 1, 'wealthexpo': 1, 'pilkadabatu': 1, 'pilwakotbatu': 1, 'toleransiberagama': 1, 'dhammadipaarama': 1, 'gerabahbatu': 1, 'jobfair': 1, 'senimanberkarya': 1, 'budidayaanggrek': 1, 'kompetisianggreknasional': 1, 'anggrekbatu': 1, 'perubahanpositif': 1, 'amoralemos': 1, 'aurelhermansyah': 1, 'livealbumkonsersemesta': 1, 'timangtimang': 1, 'bertubitubi': 1, 'batikredsoga': 1, 'pesonabatu': 1, 'banggabuatanindonesia': 1, 'batikgointernational': 1, 'kotabatumendunia': 1, 'bantengankotabatu': 1, 'batikbatu': 1, 'genb': 2, 'genbanteng': 2, 'pdip': 2, 'pilkadajatim': 1, 'megawati': 1, 'megawatisoekarnoputri': 1, 'top1': 1, 'topsellingchart': 1, 'konsersemestakrisdayanti': 1, 'pedulitani': 1, 'krisdayantiuntukbatu': 1, 'gerebekwarga': 1, 'temuwarga': 1, 'tokokainnavin': 1, 'daribatuuntukbatu': 1, 'pilkada': 1, 'superdiva': 1, 'konsersuperdiva': 3, 'jeepgirl': 1, 'mawarbatugointernational': 1, 'kesejahteraanpetani': 1, 'mawarberkualitas': 1, 'petanimaju': 2, 'gunungsari': 1, 'dukungproduklokal': 1, 'kulinerkhasbatu': 1, 'kulinerlegendaris': 1, 'jaminankesehatan': 1, 'wisatakesehatanbatu': 1, 'grebegkoncodewe': 1, 'dusunkrajan': 1, 'petaniapel': 1, 'apelbatu': 1, 'gointernational': 1, 'desagunungsari': 1, 'petanibunga': 1, 'sapiperah': 1, 'batugointernational': 1, 'pesantrengodigital': 1, 'ponpeshadramaut': 1, 'inovasipendidikan': 1, 'umkmindonesia': 1, 'umkmnaikkelas': 1, 'umkmmalang': 1, 'dukungwisatalokal': 1, 'explorebatu': 1, 'jatimpark1': 1, 'nasdem': 1, 'kotabatubersih': 2, 'batupedulilingkungan': 2, 'batuzerowaste': 2, 'kelolasampah': 2, 'sampahbijak': 2, 'batusehattanpasampah': 2, 'timelesshermony': 1, 'aremania': 1, 'tragedikanjuruhan': 1, 'pilwalkotbatu': 1, 'makinhepidiruangdigital': 2, 'bedahrumah': 1, 'kesejahteraanrakyat': 1, 'artexhibition': 1, 'batukreatif': 1, 'dukungumkm': 1, 'umkmbatumaju': 1, 'ekonomilokal': 1, 'kemandiriankota': 1, 'lansiatangguh': 2, 'bersamauntukrakyat': 2, 'krisdayantipeduli': 1, 'disabilitasberdaya': 1, 'lingkunganbersih': 1, 'krisdayantiuntukpetani': 1, 'inovasipertanian': 1, 'aspirasiuntukpetani': 1, 'pertaniancerdas': 1, 'gerebekkoncodewe': 2, 'pedulistunting': 1, 'kesehatananak': 1, 'apeldanbunga': 1, 'kotawisata': 1, 'sambangwarga': 1, 'petanibungabatu': 1, 'petaniapelbatu': 1, 'perekonomianlokal': 1, 'pilkadadamai': 1, 'kotabatu2024': 1, 'serukankotabatu': 1}"
jeromepolin,8580337,293140.57,3361.57,3.4556,1.93,52,3,30,19,0.923,"{'malakaprojectxkapalapi': 1, 'discoveringwellness': 1, 'matematika': 5, 'mantappuacademy': 1, 'senyuminduluaja': 1, 'diaryjerome': 3, 'ajinomotohealthprovider': 1, 'pesanbuatjerawat': 1, 'eksponen': 1, 'casablancahomme': 1, 'scentsthatmaximizeyou': 1, 'satsetstrepsils': 1, 'leminerale': 1, 'lemin': 1, 'kebaikanmineralterlindungi': 1, 'galaxys24': 1, 'galaxys24fans': 1, 'galaxyal': 1, 'almpoweryou': 1, 'cpns': 1, 'jeromepolin': 2, 'gemini': 1, 'geminiacademy': 1, 'tissotmotogp': 2, 'tissotmandalikagp': 2, 'officialtimekeeper': 2, 'watchcornerid': 2, 'tissot': 1, 'tissotindonesia': 1, 'timeinternational': 2, 'nutrisinikmatindonesiadukungakalcermat': 1, 'frisianflaguhtomega': 1, 'kekuatanuntukmenang': 1, 'math': 1, 'motogp': 1, 'mandalika': 1}"
therealtarzann,12257876,124797.05,1742.66,1.0323,0.5869,203,7,159,37,0.473,"{'kingcobra': 3, 'indonesia': 5, 'instagram': 1, 'india': 2, 'reelsinstagram': 1, 'instagood': 1, 'snake': 1, 'explore': 1, 'dogsofinstagram': 1, 'cats': 1, 'animals': 3, 'viral': 2, 'cnn': 1, 'nbc': 1, 'bbc': 1, 'news': 1, 'workout': 1, 'reels': 1, 'music': 1, 'brasil': 1, 'tehran': 2, 'iran': 2, 'uzbekistan': 1, 'china': 1, 'wildencounters': 1, 'greenanaconda': 1, 'underwateradventure': 1, 'amazon': 1, 'snakes': 1, 'wildlife': 1, 'crazy': 1, 'unique': 1, 'adventure': 1, 'mysterious': 1, 'bliss': 1, 'venezuela': 3, 'travel': 1, 'spermwhale': 1, 'oceangiant': 1, 'deepsealegend': 1, 'whale': 1, 'whatabeautifullife': 1, 'peace': 1, 'power': 1, 'giant': 1, 'apex': 1, 'predator': 1, 'ocean': 1, 'oceanlife': 1, 'oceanlover': 1, 'moodeng': 1, 'hippo': 1, 'africa': 1, '1': 2, 'fastandfurious': 1, 'family': 1, 'iam1stphorm': 3, 'australia': 1, 'architecture': 1, 'bamboo': 1, 'neios': 1, 'recovery': 1, 'pemf': 1, 'shockwavetherapy': 1, 'hyperbaricchamber': 1, 'exoticanimalexpert': 1, 'mumbai': 1, 'baldeagle': 1, 'usa': 1, 'america': 1, 'merica': 1, 'alshadahmad': 1, 'persaudaraan': 1, 'perjalanansatwaliar': 1, 'pengalamanblackhouse': 1, 'poweredby1stphorm': 3, 'anaconda': 1}"
ahmedzamzamzm,1310612,83808.22,364.41,6.4224,4.411,2,0,1,1,0,{}
kayla.nadira,1342110,102364.91,457.03,7.6612,6.766,9,0,3,6,0,{}
miktambayong,7107972,56804.89,609.46,0.8077,0.5424,37,3,6,28,0.784,"{'ultimaii': 3, 'myhydraritual': 1, 'hydrabotanic': 2, 'timelessultimatebeauty': 2, 'hydraritual': 1, 'cfc': 1, 'ipanemawithmikha': 3, 'ipanemaclub': 3, 'ipanemaindonesia': 2, 'bvlgari': 2, 'bvlgarijewelry': 2, 'dilanjutkansalahdisudahiperih': 1, 'bzero1': 1, 'dsdp': 1, 'mikhatambayong': 1, 'worldheartday': 1, 'wpmc2024': 1, 'ultimaiiturns65': 1}"
giorgino_abraham,6181000,67488.02,409.78,1.0985,0.4769,26,7,7,12,1.192,"{'fromindototheworld': 3, 'atlasbeachfest': 1, 'atlassuperclub': 1, 'neverstopflying': 1, 'atlasphere': 1, 'nightclub': 1, 'bestnightclubbali': 1, 'biggestnightclubbali': 1, 'bali': 1, 'canggu': 1, 'lancomeid': 1, 'genifique': 1, 'diorsauvage': 1, 'poweredbywater': 1, 'diorbeauty': 1, 'nontondiwetv': 2, 'wetvindonesia': 2, 'wetvid': 2, 'wetvoriginal': 2, 'jangansalahkanakuselingkuh': 2, 'marshanda': 1, 'giorginoabraham': 2, 'sekotengs': 1}"
gebiann,1899021,168822.75,621.81,8.9227,8.8957,6,0,2,4,0,{}
pokimanelol,5852531,464817.15,2515.07,7.9851,4.7334,7,0,3,4,0,{}
nitavior,2451910,,,,10.0871,25,1,13,11,1.32,"{'galaxyzfold6': 2, 'galaxyai': 2, 'quickshareyourstyle': 1, 'souvenirpernikahan': 1, 'weddingviorvincent': 1, 'hillmore': 1, 'vioreverwithvincent': 3, 'jakartaweddingdecor': 1, 'weddinginspiration': 1, 'weddingdecorjakarta': 2, 'jakartaweddingideas': 1, 'flowerarrangements': 1, 'luxuryweddings': 1, 'weddingdecoration': 1, 'weddingdecor': 1, 'ballroomwedding': 1, 'stevedecor': 1, 'weddingdecorsurabaya': 1, 'weddingdecorsemarang': 1, 'weddingdecorbali': 1, 'weddingdecormakassar': 1, 'teamgalaxy': 1, 'samsungxvior': 1, 'thenextstepseason2': 1, 'axiootonny': 2, 'axioostevengun': 2}"
fbyputrinc,2675387,,,,2.4046,23,3,3,17,0,{}
nashwaaaz,2100824,,,,2.1018,6,0,4,2,0.667,"{'everygivmatters': 1, 'extraoudinarybright': 1, 'putusinketombeposesif': 1, 'confidenceinabottle': 1}"
ybrap,5553767,193470.57,2237.57,3.5239,1.6276,12,0,6,6,2.25,"{'weirdgenius': 3, 'dj': 2, 'titituwit': 1, 'ade': 1, 'monstercat': 1, 'sabilulungan': 1, 'nyundaheula': 1, 'dnb': 2, 'rave': 1, 'metal': 2, 'askingalexandria': 2, 'metalhead': 1, 'remix': 2, 'wg': 1, 'edm': 1, 'party': 1, 'music': 1, 'metalheads': 1, 'drumandbass': 1, 'badblood': 1}"
sarahvilo.id,5504035,65608.2,614.56,1.2032,0.3529,3,0,2,1,0,{}
nikitamirzanimawardi_172,15503081,102893.23,1002.21,0.6702,1.2271,16,0,6,10,0.375,"{'deletedsoon': 1, 'livemylife': 1, 'vacation': 1, 'canthardlywait': 1, 'halloween24': 1, 'bettyboop': 1}"
fatehhalilintar,5407407,158457.37,2293.82,2.9728,1.2743,7,1,1,5,1.143,"{'albumcover': 1, 'likethat': 1, 'wedonttrustyou': 1, 'cosplay': 1, 'shopeefooddiskonramerame': 1, 'shopeefood': 1, 'mendingshopeefood': 1, 'shooting': 1}"
keanuagl,5327467,217496.35,1102.64,4.1032,2.3651,18,4,7,7,0.333,"{'stretchmarks': 1, 'stretchmark': 1, 'stretchmarkserum': 1, 'stretchmarkoil': 1, 'ciaraindonesia': 1, 'marlenebdayrocktheboat': 1}"
emma_maembongofficial,5247276,44043.18,394.33,0.8469,0.3082,10,2,6,1,3.3,"{'janganpandangbelakang2': 2, 'akutahuasalusulmu': 2, 'jpb2': 1, 'janganpandangbelakang': 1, 'pierreandre': 2, 'emmamaembong': 2, 'iedilputra': 2, 'seributahun': 4, 'radiusone': 2, 'ramadan2025': 1, 'dramaradiusone': 2, 'radiusoneofficial': 2, 'alifhadi': 1, 'mawarrashid': 1, 'khatijahtan': 1, 'berryoat': 1, 'mynivea': 1, 'nivealuminous630': 1, 'disahkanolehpakar': 1, 'niveauntukkulit': 1, 'kulitbebascela': 1, 'berryshape': 1}"
arutmain,4068179,29236.03,542.49,0.732,0.0784,8,0,7,1,3.125,"{'1': 1, 'trader': 1, 'crypto': 1, 'cryptotrader': 1, 'cryptocurrency': 1, 'forex': 1, 'forextrading': 1, 'forexlifestyle': 1, 'xlifestyle': 1, 'forexsignals': 1, 'easyforex': 1, 'internetmoney': 1, 'daytrader': 1, 'sidehustle': 1, 'onlinebusiness': 1, 'tradingpodcast': 1, 'podcast': 1, 'financialfreedom': 1, 'wifimoney': 1, 'onlinemoney': 1, 'trendingreel': 1, 'viral': 1, 'wayond': 1, 'wayondtv': 1, 'wayondpocast': 1}"
afgan__,5185011,40401.1,634.78,0.7914,0.5484,46,2,17,27,0.978,"{'notreadytogetoveryou': 8, 'sonderera': 4, 'aneveningwithafgan': 6, 'mtvasia': 2, 'afgan': 2, 'backstagepass': 2, 'afganliveinsingapore2024': 1, 'burberry': 1, 'itsalwaysburberryweather': 1, 'yslbeauty': 1, 'yslbeautyid': 1, 'yslholiday': 1, 'louisvuitton': 1, 'adriand': 1, 'terimakasihsudahbertahan': 1, 'adaliveinkl': 3, 'afganliveinpenang2024': 1, 'adaliveinkl2024': 2, 'afganlyodra': 1, 'knockmeout': 1, 'escape': 1, 'doyoung': 1, 'doyoung_dear_youth': 1, 'jakarta': 1}"
nadeowinataa,1791981,53809.66,225.66,3.0154,3.5795,7,0,1,6,0.571,"{'worldcupround3': 1, 'kitagaruda': 1, 'manyalaborneo': 1, 'tigatahunsabine': 1}"
dindahw,15149467,,,,,,,,,,
fiersabesari,4401643,155414.59,2326.3,3.5837,1.6159,11,1,10,0,0.182,"{'im3collabonationtalenthunt': 1, 'selalunyambungdenganim3': 1}"
saskiachadwick_,4428080,234159.03,556.37,5.3006,1.0273,11,1,4,6,2.182,"{'filmpetakumpet': 3, 'petakumpet': 3, 'pawpictures': 3, 'pichousefilms': 3, 'coachny': 2, 'coachindonesia': 2, 'sunscreenuvduo': 1, 'glowandlovely': 1, 'mkfallid': 1, 'mknewarrival': 1, 'mkfall': 1, 'valiram': 1, 'micahelkors': 1, 'colbybykors': 1}"
kasivianti._,4373672,37089.66,86.05,0.85,0.671,19,1,16,2,0.211,"{'hanyadiclickhouse': 1, 'sudahkeclickhouse': 1, 'clickhousegadingserpong': 1, 'maukeclickhouse': 1}"
pamelaaasafitriduoserigala,2760075,,,,,,,,,,
saratendulkar,7407121,696523.38,1675.74,9.4261,10.0583,29,3,7,19,1.034,"{'sachintendulkarfoundation': 3, 'stf': 3, 'diwali': 1, 'festivemoments': 1, 'ad': 1, 'lorealproindia': 1, 'lorealprofindia': 1, 'lorealprofessionnelhair': 1, 'lorealprofessionnelindia': 1, 'lorealprofessionnelhaircare': 1, 'laneige': 1, 'laneigein': 1, 'opentowonder': 1, 'hydratewithlaneige': 1, 'laneigexsara': 1, 'internationaldayofthegirlchild': 1, 'inga': 1, 'parivaar': 1, 'bvlgari': 1, 'bvlgaricalla': 1, 'bvlgariaccessories': 1, 'partnership': 1, 'classics': 1, 'workwear': 1, 'newshoes': 1, 'fizzygoblet': 1}"
fatimahhalilintar,4135006,55438.91,168.62,1.3448,0.0132,6,1,1,4,0.667,"{'wardah': 1, 'wardahliptint': 1, 'liptintlokal': 1, 'liptintviral': 1}"
skzk_yusuke,1096793,95957.22,926.17,8.8333,2.4198,22,1,20,1,,
happy_asmara77,6954832,82248.3,563.69,1.1907,1.5998,36,17,7,12,0.583,"{'justvibeon': 1, 'letsgetvibe': 1, 'playfulnightvibe': 1, 'minumankekinian': 1, 'filmamb': 4, 'filmambyarmakbyar': 3, 'ambyarmakbyar': 3, 'kembalikemsglow': 1, 'ugalugalanmencintaimu': 1, 'deepcleandaridalamglowingdariluar': 1, 'glowingbikinpangling': 1, 'styledbyfab': 1, 'bionstudios': 1, 'ambyarmakbyarfilm': 1}"
enzystoria,5289570,62754.65,149.52,1.1892,2.7794,28,0,11,17,1.929,"{'sunscreenneverseenbefore': 1, 'sunscreenbekasjerawat': 1, 'lorealparisid': 1, 'neverseenbefore': 1, 'skin': 1, 'febbyajatan': 1, 'icecube': 2, 'chopard': 1, 'sculptedbylight': 1, 'iseeyourstory': 1, 'eventconceptor': 1, 'weddingstylist': 1, 'weddingstylistjakarta': 1, 'yakin': 1, 'yakinapayakin': 1, 'yakinnikah': 1, 'filmyakinnikah': 1, 'katespadeny': 2, 'enzystoria': 1, 'bazaarlovesfashion': 1, 'bazaarindonesia': 1, 'digitalcover': 1, 'ledefileloreal': 6, 'walkyourworth': 6, 'lorealparisindonesia': 6, 'lorealparispfw2024': 6, 'lorealparismakeup': 6}"
dindazani,5330623,144478.31,472.73,2.7192,2.1951,10,0,6,4,0.1,{'sctvaward2024': 1}
anneth.dlc,3582568,89420.57,485.24,2.5095,0.6089,36,4,20,12,2.222,"{'belajarskincare': 1, 'sampaibertemulagi': 11, 'anneth': 13, 'annethdlc': 12, 'hitsrecords': 13, 'dahsyatnyaweekend': 1, 'dahsyatnyaweekenddircti': 1, 'inispotifyaku': 1, 'journeyofstars': 1, 'annethdelliecia': 1, 'livesession': 1, 'spotify': 4, 'sambel': 2, 'womenofindonesia': 1, 'newsongs': 1, 'newsingle': 1, 'annethsampaibertemulagi': 1, 'coklatdilanstage': 1, 'coklatdilan': 1, 'falconmusic': 1, 'kolaborasimusic': 1, 'musisiindonesia': 1, 'dewabudjana': 1, 'mahalini': 1, 'mariogklau': 1, 'raimlaode': 1, 'gheaindrawari': 1, 'fabioasher': 1, 'raissaanggiani': 1, 'aghatachelsea': 1, 'alvinjo': 1}"
haico.vdv,3728372,77013.23,1209.85,2.098,0.0457,11,3,4,4,2.091,"{'truestalker': 2, 'truestalkerseries': 1, 'vidiooriginalseries': 2, 'filmketindihan': 2, 'terordalamtidur': 1, 'yslbeauty': 1, 'yslbeautyid': 1, 'yslholiday': 1, 'longchampenergy': 1, 'energybylongchamp': 1, 'longchampfw24': 1, 'antigonacube': 1, 'voyou': 1, 'dysonid': 1, 'dysontechnology': 1, 'haicoxtheuplifters': 1, 'haicovanderveken': 1, 'theuplifters': 1, 'olivinecrystals': 1, 'olivinering': 1}"
adihidayatofficial,5364463,41239.53,543.75,0.7789,0.8304,12,8,4,0,4.167,"{'uah': 12, 'kajianuah': 9, 'ustadzadihidayat': 8, 'infokajianuah': 5, 'infokajianbandung': 2, 'reels': 3, 'videopendekuah': 3, 'infokajianbanten': 1, '1': 1, 'infokajiansumbar': 1, 'satushaf': 1, 'adihidayat': 2, 'panglimatni': 1, 'seleksiimammasjid': 1}"
dinda_ans,3027606,47136.71,283.78,1.5663,0.0901,8,1,5,2,1.25,"{'pentolplatkt': 4, 'allstarinfluencersaward2024': 1, 'proudlyindonesian': 1, 'dinda': 1, 'influencergoals': 1, 'congratulationsdinda': 1, 'allstarinfluencers': 1}"
bulansutena,3730466,142309.81,1115.86,3.8447,2.0421,12,0,5,7,1.833,"{'pondsskininstitute': 1, 'serumniasorcinoltiaphari': 1, 'pondsid': 1, 'miraclehappen': 1, 'evapendakianterakir': 3, 'comingsoon': 3, '16januari2025': 3, 'eva16jan2025': 3, 'citravisualsinema': 3, 'titahcitakreasi': 3}"
killer_katrin,3063375,68798.67,921.74,2.2759,0,0,0,0,0,0,{}
hanggini,3377866,58272.2,201.54,1.7311,3.3676,12,1,3,8,0.75,"{'hidupiniterlalubanyakkamu': 4, 'filmhitbk': 2, 'hitbk': 2, 'akujatiakuasperger': 1}"
its_lauramoane2,2145955,135460.94,538.59,6.3375,2.9598,5,0,2,3,1.6,"{'flawlastsallday': 1, 'youcloudtouch': 1, 'youmakeups': 1, 'youlonglastingbeauty': 1, 'shakeshakebiarashek': 1, 'aquaresetbarriergelmoisturizer': 1, 'diresetscarlett': 1, 'gentleskinfacialfoam': 1}"
aryanifitriana24,2804705,16308.54,170.91,0.5876,0.3237,19,1,10,8,3.316,"{'originalsoundtrack': 1, 'filmgaza': 1, 'hayya3': 1, 'segeradibioskop': 1, 'kenanhijabcoveredinconfidence': 1, 'beforeafter': 1, 'aryanifitriana': 11, 'makeup': 1, 'ryandomack': 6, 'donnymichael': 8, 'alaratalentmanagement': 2, 'tosiseason3': 9, 'tosi_sctv': 3, 'turnamenolahragaselebritiindonesia': 4, 'sctvsports': 3, 'drcissienugraha': 1, 'healthyfood': 1, 'healthylifestyle': 1, 'hotelindigobandung': 2, 'staycation': 2, 'bandung': 2, '3oktober': 1}"
ayudiac,2786489,46103.88,170.2,1.6607,1.1848,18,12,1,5,2.111,"{'hondagyro': 1, '3wheels': 1, '3wheelscooter': 1, 'canopy': 1, 'hondagyrocanopy': 1, 'scooter': 1, 'scootering': 1, 'bike': 1, 'bikeporn': 1, 'honda': 1, 'hondanation': 1, 'hondalife': 1, 'sobattiket': 2, 'semuaadatiketnya': 2, 'visitsingapore': 1, 'madeinsingapore': 1, 'galaxyzleaders': 2, 'galaxyzflip6': 2, 'galaxyzfans': 1, 'galaxyai': 1, 'stuja': 1, 'stujapeople': 1, 'tambahsemangat': 3, 'nzmustdo': 2, 'youseeknz': 3, 'mustdonz': 1, 'airnz': 1, 'airnzshareme': 1, 'nostresssemuaberes': 1}"
sivaapriliareal,2917127,11038.05,73.38,0.3809,0.246,32,11,21,0,0.688,"{'myclickhouse': 1, 'clickhousetebet': 1, 'bysivaperfume': 2, 'parfumlokal': 2, 'parfumtahanlama': 2, 'parfumoriginal': 1, 'latepost': 1, 'launchingparfume': 1, 'breastreduction': 1, 'sivaaprilia': 2, 'hairdo': 1, 'lashes': 1, 'glambyhanafie': 1, 'makeup': 1, 'makeupartist': 1, 'campaign': 1, 'altaentertainment': 1, 'altaasia': 1}"
notorious_foodie,4027459,13570.5,86.92,0.3391,1.5421,45,0,9,36,12.556,"{'waldorfastoriapartner': 4, 'notoriousfoodie': 35, 'breakfast': 1, 'seychelles': 3, 'island': 4, 'islandlife': 3, 'morning': 1, 'morningmotivation': 1, 'breakfastofchampions': 1, 'breakfasttime': 1, 'wakeup': 1, 'wildlife': 1, 'sealife': 1, 'turtle': 1, 'ceviche': 2, 'fishing': 2, 'seafood': 5, 'catchoftheday': 1, 'grouper': 1, 'reels': 8, 'recipe': 8, 'recipes': 5, 'easyrecipes': 7, 'recipeoftheday': 3, 'aguachile': 1, 'crudo': 1, 'coconut': 2, 'farmtotable': 1, 'farm': 1, 'garden': 1, 'nyc': 14, 'newyork': 14, 'newyorkcity': 11, 'nycfood': 14, 'nycfoodie': 14, 'newyorkfood': 3, 'burger': 2, 'cheeseburger': 2, 'eeeeeats': 18, 'brooklyn': 10, 'soho': 4, 'finedining': 14, 'uni': 3, 'caviar': 6, 'korean': 2, 'koreanfood': 2, 'japanese': 5, 'michelinstar': 6, 'michelinguide': 9, 'nyceats': 11, 'vealparm': 1, 'italian': 6, 'italianfood': 6, 'turkey': 1, 'christmas': 1, 'xmas': 1, 'christmasdinner': 1, 'easyrecipe': 6, 'asmrfood': 2, 'homecooking': 6, 'homemade': 6, 'dinnerideas': 5, 'cookingtime': 4, 'christmastime': 1, 'pizza': 3, 'pie': 1, 'marinara': 1, 'tomato': 1, 'greenpoint': 1, 'pizzalover': 3, 'pizzatime': 1, 'loscabos': 1, 'tacos': 1, 'mexicanfood': 1, 'lobster': 1, 'rossini': 1, 'beef': 2, 'london': 12, 'londonfood': 12, 'londonfoodguide': 3, 'londoneats': 4, 'londonlife': 6, 'nottinghill': 4, 'casacruz': 1, 'jais': 1, 'paris': 1, 'londoncity': 2, 'tempura': 1, 'udon': 1, 'noodle': 1, 'noodles': 2, 'japanesefood': 3, 'ramen': 1, 'soup': 1, 'goodsoup': 1, 'londonfoodie': 11, 'crispy': 1, 'risotto': 1, 'rice': 1, 'datenight': 5, 'comfortfood': 5, 'homecook': 1, 'saffron': 1, 'riso': 1, 'rarebit': 1, 'welsh': 1, 'welshrarebit': 1, 'pub': 1, 'pubfood': 1, 'british': 1, 'westlondon': 2, 'lucali': 1, 'westvillage': 5, 'vodkapasta': 1, 'pastalover': 3, 'imadethis': 1, 'nduja': 1, 'spicyfusili': 1, 'pastafresca': 2, 'redhook': 1, 'redhooktavern': 1, 'burgerlover': 1, 'tavern': 1, 'newyorklife': 1, 'newyorker': 1, 'ny': 1, 'nycity': 2, 'katz': 1, 'katzdelicatessen': 1, 'pastrami': 1, 'cornedbeef': 1, 'sandwich': 1, 'sandwiches': 1, 'brisket': 1, 'seaurchin': 2, 'williamsburg': 1, 'torrisi': 1, 'carbone': 1, 'eastvillage': 1, 'ragu': 1, 'pasta': 3, '4charles': 1, 'dinnertime': 2, 'cookingram': 1, 'friedchicken': 1, 'spicy': 3, 'sichuan': 2, 'chinatown': 1, 'chinese': 2, 'szechuan': 1, 'nycphotographer': 1, 'omakase': 4, 'japan': 2, 'truffle': 1, 'bigapple': 1, 'steak': 2, 'chef': 1, 'tournedosrossini': 1, 'tuna': 1, 'bluefin': 1, 'yellowfin': 1, 'butcher': 1, 'seafoodlover': 1, 'toro': 1, 'fish': 1, 'sushi': 2, 'sushilovers': 2, 'sushilover': 1, 'sashimi': 1, 'londonfooguide': 1, 'indian': 1, 'indianfood': 1, 'tandoor': 1, 'tandoori': 1, 'lamb': 1, 'curry': 1, 'butterchicken': 1, 'mayfair': 2, 'michelin': 1, 'hotdog': 1, 'german': 1, 'germanfood': 1, 'sausage': 1, 'londonfashion': 1, 'portobelloroad': 1, 'vongole': 1, 'clams': 1, 'shellfish': 1, 'bottarga': 1, 'padkrapao': 1, 'thai': 2, 'thaifood': 2, 'thailand': 2, 'ricebowl': 1, 'cookingathome': 2, 'jamon': 1, 'iberico': 1, 'stickytoffee': 1, 'marylebone': 1, 'knightsbridge': 2, 'eeeeats': 2, 'escargot': 1, 'harrods': 1, 'chinesefood': 1, 'dimsum': 1, 'dumpling': 1, 'dumplings': 1, 'chinatang': 1, 'wok': 1, 'foodie': 1, 'foodies': 1, 'belgravia': 1, 'endo': 1, 'wagyu': 1, 'nigiri': 1, 'otoro': 1, 'spaghetti': 1, 'dinnerparty': 1}"
rav_shana,2799888,57080.45,330.97,2.0505,1.5793,3,1,0,2,0.333,{'дочкиматери': 1}
daraarafah,3194069,117542.11,579.36,3.6982,2.7684,20,0,11,9,0.15,"{'satsetsmoothdanwangi': 1, 'masyaallah': 1, 'allahumabarik': 1}"
lida_rara06,3493916,56413.94,293.72,1.623,1.077,26,3,4,19,0.308,"{'hitmansolutions': 1, 'cinestarevents': 1, 'arijitsingh': 1, 'arijitsinghliveinmalaysia': 1, 'bollywood': 1, 'liveinmalaysia': 1, 'india': 1, 'malaysia': 1}"
shaktiarora,3745890,74200.85,1085.78,2.0098,1.9611,16,0,11,5,5.625,"{'podcast': 4, 'vikas': 1, 'shaktiarora': 15, 'theshaktiarorashow': 8, 'theshaktiaroranewshow': 6, 'manifestation': 1, 'spirituality': 1, 'miteshandindu': 2, 'lawof': 2, 'shaktiarorashow': 3, 'shaktiarorapodcast': 4, 'meatconsumption': 1, 'animalcruelty': 1, 'environment': 1, 'health': 1, 'veganism': 1, 'vegetarianism': 1, 'plantbased': 1, 'ethicalliving': 1, 'climatechange': 1, 'sustainableliving': 1, 'jayakishori': 4, 'jayakishorimotivation': 1, 'dailymotivation': 1, 'lifelesson': 1, 'equality': 2, 'womenempowerment': 1, 'socialjustice': 1, 'humanrights': 1, 'inequality': 1, 'discrimination': 1, 'activism': 1, 'sensex': 1, 'stockmarket': 1, 'investing': 1, 'anilsinghvi': 2, 'marketanalysis': 1, 'financialliteracy': 1, 'indianstockmarket': 1, 'sensexexplained': 1, 'stockmarkettips': 1, 'shaktiaroranewshow': 1, 'tradingpodcast': 1, 'stockmarketpodcast': 1, 'stockmarketforbeginners': 1, 'investingpodcast': 1, 'stocktradingsstrategy': 1, 'anilsinghvistrategy': 1, 'tsas': 1}"
razor.fathanah,2780500,54492.52,139.89,1.9648,0.9655,6,0,4,2,0,{}
dr.okypratamaa,5387714,16204.23,313,0.3066,0.7658,166,6,142,18,0.247,"{'masyaallahtabarakallah': 11, 'skinmology': 1, 'lockyourbright': 1, 'oreview': 2, 'sahabatbening': 2, 'beningsclinic': 1, 'beningsekarang': 1, 'beningsetiaphari': 1, 'momentbeningku': 1, 'skincare': 1, 'skintreatment': 1, 'mulaidaribening': 1, 'hidupsehattvone': 1, 'cariberitaditvone': 1, 'promofta': 1, '4months': 1, 'melaninmatters': 1, 'freedom': 1, 'melaninmattersjakarta': 1, 'whatsonunas': 2, 'unas1949': 1, 'universitasnasional': 1, 'pionirperubahan': 1, 'gabungunas': 1, 'jadisobatunas': 1, 'drekles': 1, 'droky': 1, 'drrichardlee': 1}"
ekooju,2761782,159380.91,1573.78,5.8279,0.5089,3,1,2,0,2.667,"{'ourabilliard': 2, 'billiardjakarta': 2, 'billiardjakartabarat': 2, 'mlbb8th': 1, 'kesenangantanpabatas': 1}"
rrq_xinn,2244793,181817.6,1228.69,8.1543,4.2126,2,1,0,1,1,"{'mlbb8th': 1, 'kesenangantanpa8atas': 1}"
omeshomesh,2054666,9791.59,197.81,0.4862,1.1184,21,0,12,9,1.143,"{'kratingdaeng': 1, 'supercrosser2024': 1, 'kratingdaengsupercrosser2024': 2, 'inienergigue': 2, 'motocross': 1, 'makassar': 1, 'gorsudiang': 1, 'cocoknyacastrol': 1, 'castrolno1dunia': 1, 'castrolpower1ultimate': 1, 'castrolpower1': 1, 'castrolactiv': 1, 'aptchallenge': 1, 'havaianasindonesia': 1, 'originalfrombrazilsince1962': 1, 'madeinbrazil': 1, 'liverightlivesmart': 2, 'xiaomiindonesia': 2, 'xiaomitvapro552025': 1, 'giveaway': 1}"
_xochitl.gomez,2621591,167139.05,293.31,6.3867,7.3605,16,0,1,15,0.313,"{'socialcollision': 1, 'sponsoredbyht': 2, 'diademuertosbycarlos': 1, 'baddie': 1}"
mawar_eva,2439899,78882.65,328.9,3.2465,1.7577,25,4,12,9,0.64,"{'theshadowstrays': 2, 'flowerfulallday': 1, 'diorcruise': 1, 'diorcruise25': 1, 'huaweiwatchgt5pro': 2, 'fashionforward': 2, 'fashionedge': 2, 'goodvibewithgt5': 2, 'huaweiwatchgt5series': 1, 'diorss25': 2}"
rizkyfbian,13826996,220440.43,430.06,1.5974,0.772,46,2,18,26,0.196,"{'burberry': 1, 'itsalwaysburberryweather': 1, 'skf': 1, 'kopigoodday': 1, 'karenahidupperlubanyakrasa': 1, 'gakgitugituaja': 2, 'sptifywrapped': 1, 'spotifywrapped2024': 1}"
nadykhtnaptr,2535794,298639.78,697.25,11.8045,7.3366,4,0,1,3,0,{}
nadyamustikarahayu,1794389,37617.32,47.94,2.0991,1.0989,8,2,5,1,2.25,"{'snobbybaby': 1, 'bayinyamandisegalakegiatanibu': 1, 'mamabearasibooster': 1, 'kasihmamasepanjangmasa': 1, 'asiboostertriplebenefit': 1, 'temookansolusigm': 1, 'temoomadujamu': 1, 'temoo': 1, 'solusigtmsikecil': 1, 'kasihmama': 1, 'babycloudfoam': 1, 'babycloudfoamindonesia': 1, 'stimulasibayi': 1, 'stimulasianak': 1, 'tumbuhkembang': 1, 'bayi': 1, 'anak': 1, 'parentingtips': 1}"
bimopd,1882154,280182.43,1772.61,14.9804,10.7121,2,1,0,1,0,{}
fayssal_vlog,2467232,50840.45,1202.86,2.1094,0.7788,13,0,13,0,0,{}
sitorabanu,1951486,21305.46,132.91,1.0986,0.7444,8,1,2,5,0,{}
rondodasosa,1909407,185977.67,19446,10.7585,0,0,0,0,0,0,{}
myrubylicious,1877998,1702.09,7.86,0.0911,0.0294,523,7,87,429,0.809,"{'explore': 1, 'fashion': 2, 'outfit': 13, 'stylefashion': 2, 'ootd': 14, 'hijaboutfit': 1, 'hijabfashion': 14, 'holidayfits': 1, 'casualfits': 1, 'cardiganstripe': 1, 'outerwearstylish': 1, 'fashiontrendy': 1, 'outfitinspo': 6, 'cardigan': 4, 'ootdfashion': 19, 'hijabstyle': 6, 'ootdhijab': 14, 'outfitcheck': 1, 'ootdstyle': 7, 'stylingtips': 2, 'tipsootd': 1, 'fashionhijab': 2, 'rekomendasijaket': 3, 'jaketpraktis': 1, 'jaket': 1, 'outfitoftheday': 7, 'ootdrok': 1, 'ootdrokpanjang': 1, 'casualchic': 1, 'chicoutfit': 1, 'casualoutfit': 1, 'outfitideas': 5, 'outfitinspiration': 13, 'fyp': 1, 'reels': 4, 'reelsinstagram': 3, 'afternoonwalk': 1, 'cardiganrajut': 2, 'rokflare': 1, 'rokflaremurah': 1, 'flareskirt': 1, 'rokflowy': 1, 'rokwanita': 1, 'rokcantik': 1, 'rokmurah': 1, 'outfitlebaran': 1, 'ootdlebaran': 1, 'ootdhijabindo': 2, 'racunshopee': 1, 'shopeehaul': 1, 'coquettecardigan': 1, 'cardigancoquette': 1, 'coquette': 1, 'coquetteaesthetic': 1, 'candasayang': 3, 'styleinspiration': 2, 'autumncolors': 1, 'fashionstyle': 3, 'styling': 3, 'rubybusui': 19, 'manifesting': 1, 'quotes': 2, 'quotesaboutlife': 1, 'minimaliststyle': 1, 'bomberjacket': 1, 'effortlessfashion': 1, 'povoutfit': 1, 'blackoutfit': 3, 'pov': 1, 'ootdinspiration': 3, 'coffeeshopsolo': 1, 'coffeeshopjogja': 1, 'kemejabasic': 1, 'fashionminimalis': 1, 'casualstyle': 2, 'stylehijab': 2, 'inspofashion': 3, 'burgundy': 2, 'quoteshariini': 1, 'quotesoftheday': 1, 'aesthetic': 2, 'foryou': 2, 'outfitpost': 2, 'myrubylicious': 6, 'bag': 1, 'bagdesign': 1, 'outfitlove': 1, 'jaketparasut': 2, 'wajibpunya': 2, 'styleinspo': 2, 'photography': 1, 'blackootd': 1, 'hijabinspiration': 2, 'feminineenergy': 1, 'minimalist': 1, 'fashionaddicted': 1, 'casualoutfits': 1, 'streetwear': 1, 'streetstyle': 1, 'streetfashion': 1, 'adulting101': 1, 'lifechanges': 1, 'worklife': 1, 'outfits': 2, 'grwm': 2, 'fitcheck': 2, 'rubylicious': 4, 'rubylicioussolo': 2, 'sumpahpemuda': 1, 'bersatuuntukindonesia': 1, 'bestcombo': 1, 'relatebanget': 1, 'jogja': 4, 'baju': 1, 'trendingreels': 1, 'purwokerto': 2, 'outfitlucu': 1, 'fashionpurwokerto': 1, 'rubyliciouspurwokerto': 2, 'pwt': 1, 'viral': 1, 'rame': 1, 'wortit': 1, 'kekinian': 1, 'rekomendasioutfit': 7, 'spill': 2, 'tren': 1, 'trending': 1, 'tokobaju': 1, 'tokobajumurah': 1, 'trend': 1, 'style': 2, 'tokobajucewek': 1, 'belanjamurah': 1, 'olshopmurah': 1, 'viralditiktok': 1, 'jogjainfo': 1, 'jogjamurah': 1, 'info24jamjogja': 1, 'infoterkinijogja': 1, 'explorepage': 1, 'ootdgemes': 1, 'jaketstylish': 1, 'floralfashion': 1, 'ootdshare': 2, 'fitspo': 1, 'outfittoday': 1, 'howistyle': 1, 'jacket': 1, 'crop': 1, 'bestie': 1, 'bestieootd': 1, 'relateable': 2, 'menjadidewasa': 2, 'jokes': 3, 'rubysquad': 4, 'cardigancute': 1, 'casualandcomfy': 1, 'fotoshooting': 6, 'fotograf': 6, 'surakarta': 6, 'solo24jam': 6, 'arja': 3, 'cafesolo': 3, 'kapankayaya': 1, 'meiracuniku': 2, 'fashionhacks': 1, 'styletips': 1, 'fashionisfun': 1, 'jogja24jam': 3, 'candhariheaven': 3, 'prambanan': 3, 'skena': 1, 'adultingmoment': 1, 'knitlongsleeve': 1, 'everydayfashion': 1, 'rubyliciouscreators': 1, 'rekomendasicardigan': 1, 'september': 1, 'fashionstore': 1, 'fashionstoresolo': 1, 'localbrand': 1, 'reelsvideo': 1, 'denimshirt': 1, 'fashionrekomendasi': 1, 'denimstyle': 2, 'basicshirt': 1, 'promo': 1, 'lebihhemat': 1, 'basicbutmakeitfashion': 1, 'aksesoriskece': 1, 'fashiontips': 1, 'timelessstyle': 1}"
jorgelorenzo99,1882751,23509.9,201.81,1.2594,0.4847,9,0,3,6,4.889,"{'milano': 1, 'vmoto': 3, 'eicma2024': 2, 'mobilityrevolution': 1, 'sustainablefuture': 1, 'b2b': 1, 'jorgelorenzo99': 1, 'fastcharging': 1, 'electricmobility': 2, 'fleetmanagement': 1, 'innovation': 1, 'electricscooter': 1, 'swappingstation': 1, 'urbanmobility': 1, 'thechampionschoice': 1, 'jorgelorenzo': 3, 'tcmax': 1, 'electricvehicle': 1, 'venomelúltimobaile': 1, 'motogp': 3, 'motociclismo': 2, 'duralavita': 3, 'podcast': 2, 'dlv': 1, 'entrevista': 1, '100electric': 1, 'zeroemissions': 1, 'electricpower': 1, 'ridethefuture': 1, 'sustainability': 1, 'greenenergy': 1, 'maxperformance': 1}"
alifalubis,3642574,46675.47,110.85,1.2844,0.06,18,1,8,9,0,{}
uniquehotels,1875587,8651.74,113.71,0.4673,0.234,64,1,62,1,6.202,"{'italia': 2, 'venice': 1, 'paris': 3, 'train': 2, 'southafrica': 1, 'fypシ': 2, 'elephant': 1, 'safari': 1, 'corinthialondon': 1, 'hotel': 7, 'christmas': 3, 'afternoontea': 1, 'festiveseason': 1, 'spa': 4, 'bath': 2, 'goals': 1, 'maldives': 3, 'honeymoon': 2, 'pool': 7, 'austria': 7, 'italy': 6, 'alps': 1, 'breakfast': 4, 'bed': 1, 'caribbeanlife': 1, 'seaviews': 1, 'winter': 6, 'turksandcaicos': 1, 'flowerdesign': 1, 'flower': 1, 'beauty': 3, 'bali': 12, 'ubud': 3, 'ski': 2, 'winterholiday': 1, 'winteriscoming': 1, 'romania': 1, 'cabin': 2, 'winterwonderland': 3, 'aframe': 1, 'zellamsee': 2, 'mountain': 1, 'lamour': 1, 'france': 3, 'parisjetaime': 2, 'christmastree': 1, 'christmasdecor': 1, 'fiji': 1, 'paradise': 3, 'explore': 3, 'fyp': 23, 'norway': 4, 'scandinavia': 1, 'treehouse': 2, 'snow': 3, 'fjord': 1, 'thailand': 8, 'thailandtravel': 1, 'marrakech': 4, 'morocco': 5, 'beautiful': 1, 'foodie': 1, 'balitravel': 1, 'indonesianfood': 1, 'discover': 2, 'chiangmai': 1, 'türkiye': 1, 'cappadocia': 2, 'turkiye': 2, 'destination': 2, 'reels': 3, 'world': 1, 'mallorca': 1, 'spain': 2, 'wellness': 5, 'finland': 1, 'visitlapland': 1, 'lapland': 2, 'travel': 4, 'holiday': 2, 'escape': 3, 'vacay': 1, 'vacation': 1, 'holidays': 1, 'hotelbosko': 1, 'presidentialtent': 1, 'luxuryretreat': 1, 'colombia': 1, 'guatape': 1, 'explorepage': 2, 'zanzibar': 1, 'tanzania': 1, 'visitzanzibar': 1, 'luxhotels': 1, 'peace': 1, 'lake': 1, 'swiss': 4, 'switzerland': 5, 'rcmemories': 2, 'ritzcarlton': 2, 'ritzcarltonalwadi': 1, 'nature': 2, 'morning': 1, 'sunset': 1, 'uluwatu': 2, 'sunsetlovers': 1, 'ritzcariltonhotel': 1, 'kohsamui': 2, 'kohsamuiisland': 2, 'kohsamuithailand': 2, 'ritzcarltonkohsamui': 1, 'thesamuiwayoflife': 1, 'beach': 2, 'sand': 1, 'sun': 1, 'bahamas': 1, 'vietnamtravel': 1, 'sapavietnam': 1, 'vietnamhotel': 1, 'funny': 1, 'desert': 2, 'staywithandara': 1, 'andaramoments': 1, 'andararesort': 1, 'andaraphuket': 1, 'phuket': 1, 'phuketthailand': 1, 'zermatt': 1, 'zermattswitzerland': 1, 'myswitzerland': 1, 'ineedswitzerland': 1, 'numabali': 2, 'beautifuldestinations': 11, 'bambooarchitecture': 1, 'bestvacations': 1, 'sidemen': 1, 'balihotel': 1, 'balihouse': 1, 'uniquehotels': 6, 'stayatnumabali': 2, 'baligasm': 1, 'hoteldesign': 1, 'archidaily': 1, 'beautifulhotels': 6, 'baliindonesia': 4, 'balidesign': 1, 'mauritius_explored': 1, 'mauritiusisland': 1, 'visitmauritius': 1, 'paradiseisland': 2, 'islandvibes': 1, 'paradiseishere': 1, 'besthotels': 3, 'amazinghotels': 2, 'hotelsoftheworld': 1, 'bucketlisttravel': 6, 'myarbor': 1, 'treetops': 1, 'southtyrol': 1, 'tropicalvibes': 1, 'ecoluxury': 1, 'balibliss': 1, 'travelblogger': 3, 'travelphotography': 2, 'travelgram': 4, 'traveler': 1, 'veluvanabali': 1, 'dji': 1, 'drone': 1, 'hotelzellamsee': 1, 'salzburgerhofzellamsee': 1, 'garden': 1, 'salzburg': 1, 'luxury': 2, 'instagram': 1, 'maldivesislands': 3, 'maldivesresorts': 2, 'visitmaldives': 1, 'maldivesparadise': 1, 'maldivesphotography': 1, 'dronephotography': 1, 'beachvilla': 1, 'portroyalvillasandspa': 1, 'rhodesgreece': 1, 'visitrhodes': 1, 'rhodesisland': 1, 'greekislands': 1, 'greecerhodes': 1, 'greeceislands': 2, 'exploregreece': 2, 'greecemoments': 1, 'greecetravelgr': 1, 'hotelsandresorts': 1, 'luxuryhotels': 2, 'tasteinhotels': 1, 'globehotels': 1, 'bestgreekhotels': 1, 'luxuryworldtraveler': 2, 'speechlessplaces': 1, 'postcardsfromtheworld': 1, 'wonderful_places': 1, 'yololttw': 1, 'travelandleisure': 2, 'tlpicks': 1, 'wearetravelgirls': 1, 'greece_travel': 1, 'visitgreece': 1, 'rhodeshospitality': 1, 'halloween': 1, 'witch': 1, 'belmondlemanoir': 1, 'thepeninsulaistanbul': 1, 'thepeninsulahotel': 1, 'madlives': 1, 'toilet': 1, 'travelwithme': 1, 'travelreels': 2, 'traveltip': 1, 'travelandexplore': 3, 'exploretheworld': 1, 'traveltheworld': 3, 'travelandexperience': 1, 'travelexperiences': 1, 'travelreel': 1, 'hiddengem': 1, 'travelcreator': 1, 'travelanddestinations': 1, 'uniquedestination': 1, 'fourseasons': 3, 'fsbali': 1, 'fsjimbaran': 1, 'baliretreat': 1, 'canggu': 1, 'cinema': 1, 'movies': 1, 'goldenhour': 1, 'sunrise': 1, 'thailandinstagram': 1, 'lovethailand': 1, 'chiangrai': 1, 'thailanddestiny': 1, 'visitthailand': 2, 'milano': 1, 'qcterme': 1, 'rain': 1, 'emanahotels': 1, 'hotels': 3, 'ubudbali': 1, 'ubudlife': 1, 'lovelife': 1, 'indonesia': 1, 'indonesia_photography': 1, 'asie': 1, 'baliisland': 1, 'island': 2, 'travelcouple': 1, 'tulum': 1, 'tulummexico': 1, 'laveletatulum': 1, 'tulumhotel': 1, 'tulumtravel': 1, 'aituatki': 1, 'aitutakilagoon': 1, 'cookislands': 1, 'southpacific': 1, 'southpacificislands': 1, 'luxurytravel': 1, 'dreamdestinations': 1, 'lagoon': 1, 'overwaterbungalows': 1, 'tropicalisland': 1, 'turkey': 1, 'beautifulhotel': 1, 'amazingpools': 1, 'visitswitzerland': 1, 'switzerland_vacations': 1, 'travelbest': 1, 'infinitypools': 1, 'levilapland': 1, 'visitfinland': 1, 'fourseasonsastirpalace': 1, 'fsathens': 1, 'athens': 1, 'greece': 1, 'hawaii': 1, 'kauai': 1, 'bucketlist': 2, 'resorts': 1, 'borabora': 1, 'tropicalparadise': 1, 'frenchpolynesia': 1, 'fsborabora': 1, 'visitsaudi': 1, 'visitalula': 1, 'alula': 1, 'experiencealula': 1, 'alulamoments': 1, 'explorewithkevs': 1, 'devon': 1, 'visitdevon': 1, 'bubblebath': 1, 'tv': 1, 'netflix': 1, 'breathtaking': 1, 'milan': 1, 'relax': 1, 'sharmelsheikh': 1, 'egypt': 1, 'addresshotels': 1, 'fujairah': 1, 'unitedarabemirates': 1, 'beautifulplaces': 1, 'trvael': 1, 'rome': 1, '5': 1, 'cambridge': 1, 'cambridgeuk': 1, 'bathroomgoals': 1, 'bathroom': 1, 'visitcambridge': 1, 'uktravel': 1, 'ukstaycation': 1, 'rosewoodhotels': 1, 'rosewoodabudhabi': 1, 'autumn': 1, 'flowers': 1, 'love': 1, 'snowboard': 1, 'skiing': 1, 'chamonix': 1, 'yacht': 1, 'yes': 1, 'croatia': 1, 'summer': 1, 'agafaydesert': 1, 'ananataradhigu': 1, 'anantarahotels': 1, 'unforgettablejourneys': 1, 'travelinspiration': 1, 'ghadiscovery': 1, 'rewardinglifesjourneys': 1, 'amour': 1, 'mariahcarey': 1, 'fourseasonshotel': 1, 'khosamui': 1, 'thailandhotel': 1, 'iconicplaces': 1, 'iconichotel': 1, 'islandlife': 1, 'design': 1, 'architecture': 1, 'villa': 1, 'balidaily': 1, 'balilife': 1, 'balitrip': 1, 'luxuryhotel': 2, 'uniquehotel': 1, 'morroco': 1, 'experiencemiamibeach': 1, 'thesetai': 1, 'thesetaimiamibeach': 1, 'miami': 1, 'miamibeach': 1, 'breakfastideas': 1, 'italian': 1, 'river': 1, 'camping': 1, 'swissalps': 1, 'silavadee': 1, 'silavadeeresort': 1, 'thenewchaptersofluxury': 1, 'silavadeesamui': 1}"
dopesnow,1507878,18114.11,59.76,1.2053,1.5169,23,0,15,2,0,{}
liridonkrasniqi_8,1000012,13534.56,71.34,1.3606,0.1903,13,0,10,3,2.231,"{'matdon': 11, 'thecomeback': 1, 'lk8': 9, 'strasse': 5, 'baustelle': 1, 'nevergiveup': 1, 'ballerleague': 1}"
shafaharris,982229,27707.46,261.5,2.8475,2.4468,9,2,0,7,0.111,Hashtags Dictionary: {'pazcanggu': 1}
bikinisguadalupecid,1028411,13258.48,909.42,1.3777,0.3105,10,0,6,4,2,"{'locales': 1, 'coolkinis': 2, 'tropicalvibes': 5, 'único': 1, 'sustainablefashion': 2, 'envíos': 1, 'bikinissustentables': 1, 'compra': 1, 'oceanchild': 1, 'guadalupevibes': 3, 'kinissustentables': 2}"
syubbanulmuslimin,1198961,11354.35,60.05,0.952,0.5431,61,18,39,4,0.525,"{'milad19syubbanulmuslimin': 5, 'hameduye': 5, 'sabyangambus': 6, 'sabyan': 1, 'milad19': 2, 'syubanulmuslimin': 4, 'syubbanlovers': 4, 'syubbanulmuslimin': 1, 'syubbanloversnusantara': 1, 'reels': 2, 'safarimaulid40malam': 1}"
irwanmussry,1077761,12726.22,92.63,1.1894,1.2948,17,3,4,10,4.529,"{'timeinternational': 6, 'chanelbeauty': 1, 'chanelindonesia': 1, 'plazasenayan': 1, 'chanelwintertale': 1, 'workingattime': 8, 'sayatimeinternational': 10, 'itsourtime': 7, 'thetimeplace': 2, 'thetimeplace25': 1, 'quincyjones': 1, 'musiclegend': 1, 'restinpeace': 1, 'thetimeplacemagazine': 1, 'readanywhere': 1, 'toryburch': 1, 'toryburchid': 3, 'toryburchindonesia': 3, 'villagiooutlets': 1, 'indonesiajuara': 2, 'toryburchidfall24': 2, 'tissotmotogp': 2, 'tissotmandalikagp': 2, 'officialtimekeeper': 2, 'watchcornerid': 4, 'intime': 2, 'tissot': 1, 'motogp': 2, 'motogp2024': 1, 'maiaestianty': 1, 'irwanmussry': 1, 'motogppremier': 1, 'mandalika': 1, 'circuitmandalika': 1, 'semakintuasemakinbahagia': 1}"
medinazein,910962,5838.83,444.86,0.6898,0,0,0,0,0,0,{}
emmett_sparling,1054229,15852.63,193.56,1.5221,0.9275,28,0,12,16,1.036,"{'travelling': 1, 'uapou': 1, 'frenchpolynesia': 1, 'sonyalpha': 2, 'himalayas': 1, 'nepal': 1, 'nepaltravel': 1, 'mountains': 1, 'lexarworkflow': 1, 'lexarambassador': 1, 'babyelephant': 1, 'cuteanimals': 1, 'naturephotography': 1, 'lexargo': 1, 'nudibranchs': 1, 'ocean': 1, 'marinelife': 1, 'naturelovers': 1, 'sonygmaster': 1, 'sonycine': 1, 'shotonsony': 1, 'thisisliving': 1, 'biology': 1, 'oceanlife': 1, 'underwaterworld': 1, 'featherstar': 1, 'shotoniphone': 1, 'iphone16pro': 1}"
tintinrayner,986853,3297.38,190.97,0.3535,0.1425,28,5,6,17,0.321,"{'idebekalanak': 1, 'bolasalmon': 1, 'bolanasi': 1, 'nasirumputlaut': 1, 'seaweed': 1, 'salmonmpasi': 1, 'menumpasi': 1, 'tintinraynerresep': 1, 'reseptintinrayner': 1}"
sandywalsh,2781412,115293.75,1348.9,4.1936,12.1218,16,0,6,10,1.444,"{'wearemalinwa': 1, 'semuajadihappy': 1, 'sandywalsh': 3, 'abangwalsh': 1, 'unclewalsh': 1, 'faceitcoachingpondsmen': 1, 'minisoccer':1, 'challengeaccepted': 1, 'millslifestyle': 2, 'ultras': 2, 'ultrasarenas': 2, 'aislinnkonig': 1, 'coachny': 1, 'coachindonesia': 1, 'timnasindonesia': 5, 'believe': 1, 'worldcup': 1}"
morganrosemoroney,889213,23692.74,117.83,2.6777,1.5024,25,2,19,4,0.04,{'suspectchallenge': 1}
gibran_rakabuming,6199626,16913.83,286.68,0.2774,4.3511,57,1,40,16,0.035,"{'kabinetmerahputih': 1, 'indonesia': 1}"
vinogbastian__,5120068,35084.37,569.8,0.6964,0.3626,68,20,26,22,1.147,"{'mandatoryride': 1, 'sneakpeek': 1, 'otwsholatjumat': 1, '2ndmiracleincellno7': 6, 'cryingbaby': 1, 'mahalini': 1, 'mencintaimu': 1, 'miraclecellno7': 1, 'originalmotionpicturesoundtrack': 1, 'actor': 1, 'lifestyleaward': 1, 'primevideo': 1, 'maiaestianty': 1, 'vinogbastian': 1, 'marshatimothy': 1, 'ayah': 1, 'familyman': 1, 'ideal': 1, 'idaman': 1, 'idola': 1, 'kpop': 1, 'torasudiro': 1, 'indrowarkop': 1, '25desember2024': 2, 'qodrat': 3, '311': 1, 'miracleincellno7': 1, 'wingday10sogindonesia': 2, 'scooterownersgroupindonesia': 2, 'sogfornation': 2, 'magma': 2, 'qodrat2': 2, 'jaff': 2, 'thefatherofthebride': 1, 'myannoyingbrother': 20, 'filmmab': 1, 'sedangtayangdibioskop': 1, 'cjenm': 1, '24oktober2024': 1, 'jay': 1, 'pemeranutamapriaterfavorit2024': 1, 'pemeranutamawanitaterfavorit2024': 1, 'gampangcuan': 1, 'monster': 1, 'imaa2024': 1}"
